{
  "temperature": 0.5,
  "downfall": 0.5,
  "precipitation": "none",
  "category": "ocean",
  "effects": {
    "sky_color": 8103167,
    "fog_color": 12638463,
    "water_color": 4566514,
    "water_fog_color": 267827,
    "mood_sound": {
      "sound": "minecraft:ambient.cave",
      "tick_delay": 6000,
      "block_search_extent": 8,
      "offset": 2
    }
  },
  "spawners": {
    "monster": [],
    "creature": [],
    "ambient": [],
    "axolotls": [],
    "underground_water_creature": [],
    "water_creature": [],
    "water_ambient": [
      {
        "type": "minecraft:cod",
        "weight": 8,
        "minCount": 3,
        "maxCount": 6
      },
      {
        "type": "minecraft:pufferfish",
        "weight": 5,
        "minCount": 1,
        "maxCount": 3
      },
      {
        "type": "minecraft:tropical_fish",
        "weight": 25,
        "minCount": 8,
        "maxCount": 8
      }
    ],
    "misc": []
  },
  "spawn_costs": {},
  "carvers": {},
  "features": [
    [],
    ["minecraft:lake_lava_underground", "minecraft:lake_lava_surface"],
    ["minecraft:amethyst_geode"],
    [],
    [],
    [],
    [],
    [],
    ["minecraft:spring_water", "minecraft:spring_lava"],
    [
      "minecraft:flower_default",
      "minecraft:kelp_warm",
      "minecraft:sea_pickle",
      "minecraft:seagrass_deep_warm",
      "minecraft:seagrass_simple",
      "minecraft:seagrass_warm",
      "minecraft:trees_water",
      "minecraft:warm_ocean_vegetation"
    ],
    ["minecraft:freeze_top_layer"]
  ]
}
