{
  "scale": 1,
  "effects": {
    "fog_color": 12638463,
    "sky_color": 7907327,
    "water_color": 4159204,
    "water_fog_color": 329011
  },
  "surface_builder": "minecraft:nope",
  "carvers": {},
  "features": [],
  "starts": [],
  "spawners": {
    "ambient": [],
    "creature": [],
    "misc": [],
    "monster": [],
    "water_ambient": [],
    "water_creature": []
  },
  "spawn_costs": {},
  "player_spawn_friendly": false,
  "precipitation": "none",
  "temperature": 0.5,
  "downfall": 0.5,
  "category": "none",
  "depth": 0.1
}
